expression;language
find the boys in the band. ;en
show me half a life. ;en
where can i watch the trailer for home economics. ;en
look for the novel behind closed doors. ;en
please help me search the TV series a mouse divided. ;en
i want to watch the original recordings. ;en
fine finally famous. ;en
find journal of the society for american music. ;en
find a book a bond is HQ. ;en
show creativity of accident analysis and prevention. ;en
where do i play the video game the wild geese. ;en
find resurrection of evil. ;en
show me url. ;en
find the american journal of sports medicine picture. ;en
find stays in mexico. ;en
please look up two more years soundtrack. ;en
play the video game the sparrow. ;en
find the book the crowd roars. ;en
find the best man holiday saga. ;en
please find the novel good doctor. ;en
show creativity cum on feel the noise the video game. ;en
please look for catch a falling star. ;en
look for the nightmare on providence street saga. ;en
find reproductions songs of the human league. ;en
show schedule first sensation. ;en
can you help me find a picture called olympia nineteen seventy four. ;en
where can i find a photograph of the lieutenant of interest more. ;en
find projections an album. ;en
download the red eagle TV show. ;en
find a song called magic in the water. ;en
show thousand miles movie. ;en
i want to read the novel love is in control. ;en
i'd like to see the river of stars TV series. ;en
find me the photograph the late music. ;en
show the philosophy and phenomena logical research saga. ;en
show me the painting live very live in concert. ;en
please get me the island show. ;en
show me a copy of the picture double deal. ;en
find me the when harry tries to marry photograph. ;en
find a book called the CIA world fact book. ;en
show force of nature. ;en
find the work i looked up. ;en
show creative game fear thy neighbor. ;en
show the creativity of where what when. ;en
i need to find the creative work prince hours. ;en
find a soundtrack for lords of the rising sun. ;en
please look up the lamentable journey of omaha bigelow into the impenetrable loisaida jungle television. ;en
where can i see the movie across the line exodus of charlie wright. ;en
look for the editor and publisher TV series. ;en
find a novel called a perfect day. ;en
find playstation a song. ;en
find the magical world of roger whittaker. ;en
find loved ones for me. ;en
show texas review of entertainment and sports law creative song. ;en
find me recorder and. ;en
find cluster computing a game. ;en
play the ashley tisdale discography TV show. ;en
what is the trailer for feel the passion. ;en
i'd like to see the trailer for history and theory. ;en
find join the dots besides and ready. ;en
show me the best of volume one TV series. ;en
show me a picture of nokia football crazy. ;en
play the sea cabinet. ;en
show the information on history picture. ;en
search for the picture boomtown. ;en
find a TV show called directions home. ;en
play the TV series effortless agitation of bright red blood. ;en
what is marty stuart discography. ;en
find television show on windows live TV. ;en
please get me rough and ready saga. ;en
find the TV show starship titanic. ;en
search for the halfway home TV show. ;en
locate the koi to send your chocolate television show. ;en
find me the wild boys. ;en
find live at burnsville theatre. ;en
how do i find the soundtrack african development perspectives yearbook. ;en
i want to see the trailer for the entity. ;en
i'd like to see the photograph the light. ;en
show creative photograph island in the sea. ;en
i wanted to see the novel the green. ;en
i wanna watch the television show naked to. ;en
help me the find the thug lawrence trilogy book. ;en
find the youth against christ saga. ;en
find the tyrant. ;en
where is the TV show am universe. ;en
can you find a photograph of ace ventura the cd rom game. ;en
where can i find the TV show metallica lights. ;en
find the one hundred eighty. ;en
show the monkey soundtrack. ;en
find valley of the dolls. ;en
find NHL on fox. ;en
find an album called list of re enter passwords. ;en
when was the TV show crazy sexy cool taken off air. ;en
find the movie i really. ;en
find a novel called twins of evil. ;en
find a book called the mad magician. ;en
find trailer for iraq for sale or property yours. ;en
show investigating sex album. ;en
please look up on that handy. ;en
find amanda palmer goes down under. ;en
i'd like to watch the TV series called fires of life. ;en
pull up mafia the city of lost heaven. ;en
find the trailer for hit the ice. ;en
show creative last light. ;en
please find the infrared riding hood TV show. ;en
i'm hoping you can find a photograph from live at the isle of wight nineteen seventy. ;en
i want to play the game show me the wonder. ;en
want to find the novel called innocent until caught two guilty. ;en
find the girlfriend experience a television show. ;en
where can i watch the TV series breed the pain. ;en
search for the dark side of the mind movie. ;en
i'd like to play the album beloved rogues. ;en
find TV series titled sonata mix dwarf cosmos. ;en
where can i view the picture of workin with the miles davis quintet. ;en
find a soundtrack called i still believe in you. ;en
what painting is on the cure discography. ;en
get me the elvis christmas album TV show. ;en
find the fields of sacrifice movie. ;en
show creativity of comeback season. ;en
find switching channels. ;en
show the night riders. ;en
i'm looking for the TV series called unborn. ;en
i want to find the video game masada anniversary edition volume three the unknown masada. ;en
bring up the book perfume the story of a murderer. ;en
find chant down babylon the island anthology. ;en
find playground a book. ;en
find a novel called best hits live save the children speed live two thousand three. ;en
i'd like to see the paul murray live television show. ;en
i'm looking for paris match. ;en
i want to play the video game miss castaway and the island girls. ;en
play nights nantucket soundtrack. ;en
can you get me the trailer of the multiversity. ;en
look up the dock of the bay show. ;en
i want to listen to the music of ghost in the shell stand alone complex. ;en
find long hello and short goodbye a movie. ;en
where can i buy a photograph called feel the love. ;en
find the painting strong enough. ;en
find the television show called tactics. ;en
find live at memory lane. ;en
show creative album humidity. ;en
play me memoirs of modern love curious age. ;en
find a show called big broadcast of nineteen thirty eight. ;en
show creative soundtrack pitch black brigade. ;en
search for polish assault. ;en
show transformers the game. ;en
where can i find the brave little toaster to the rescue book. ;en
find the show the naked gun. ;en
i'd like to find the soundtrack tianjin today evening news. ;en
find the picture of the harsh light of day. ;en
pull up the book live in and released the radio show. ;en
find a video game called the yellow claw. ;en
look up holy water. ;en
show me live at the kings center. ;en
find me the spartan total warrior painting. ;en
find a trailer called peggy sue. ;en
find the ultimate gift a television show. ;en
where can i view the TV series of w. i. t. c. h.. ;en
find a book called environment and behavior. ;en
i want to listen to the song only the greatest. ;en
find by title champagne showers. ;en
find me the martin morning saga. ;en
find a movie called emerald city. ;en
where can i view the photograph of johnny cool. ;en
play me the soundtrack ready. ;en
find pursuit of radical rhapsody. ;en
show creativity of adobe air. ;en
play the ball to throw a ball saga. ;en
find a TV show called studies in logic. ;en
find the picture vertically challenged. ;en
can you locate west coast wrestling connection. ;en
find me the novel between the rivers. ;en
play me the song asap the ac nada. ;en
show the creativity of ghost dragon of cold mountain. ;en
find me the album the demon. ;en
i want to read the novel alone at the microphone. ;en
show fifty words for snow creative picture. ;en
find a movie called number one in heaven. ;en
show creativity of book future of the past. ;en
play the aviation cocktail album. ;en
give me the spirit the earth of losing tv show. ;en
show TV show schedule url. ;en
find the great hydration a TV series. ;en
i want to read the book between a rock and a hard place. ;en
i want to read mad money. ;en
where can i locate leo the lion for purchase. ;en
how can i view the show corpus home movie about selena. ;en
i'm looking to find the trailer for brought by the sea. ;en
find as live as it gets. ;en
find the show card. ;en
find a picture. ;en
find a trailer called hellboy the troll witch and others. ;en
find the album titled. ;en
show me skyfall original motion picture soundtrack. ;en
how to buy picture of agent hamilton but not if it concerns your daughter. ;en
find the labyrinth game. ;en
find the sentimental bloke novel. ;en
look for the girl in mirror movie. ;en
find the soundtrack titled this side of paradise. ;en
play the song culture and psychology. ;en
find car or live in re loaded. ;en
play me the trailer for star control. ;en
find a painting called smash crusher. ;en
where can i find the photograph of mr bobby. ;en
find the politics nation without stopping. ;en
find a painting called the book of folly. ;en
wish to fins a television show called whole again. ;en
search for a picture of darker than black. ;en
find a photograph called news paper. ;en
show the legend of jesse james novel. ;en
want to find a creative work called the prayer. ;en
can you help me find skylar made. ;en
find a TV show called ace of spades. ;en
play the movie post inferno soundtrack. ;en
show creativity in call me joe. ;en
find me the soundtrack called enter the chicken. ;en
where can i see the television show falling away from me. ;en
where to buy education for chemical engineers. ;en
find the many loves of derby girls. ;en
find five came back for me. ;en
find the picture music is the message. ;en
get jump down painting. ;en
show creativity in the red saga. ;en
find a novel called under blackpool lights. ;en
find a TV series called dirty politics. ;en
give me a link to the a little something for us to empanada soundtrack. ;en
can you find the song bleach hell chapter. ;en
please find brand new strings. ;en
find a television show called i got a bag of my own. ;en
find a video game called peaches discography. ;en
is there a program about the last flight. ;en
show creative picture of the secret doctrine. ;en
help me find the work graphics animation system for professionals. ;en
show me the out with my baby photograph. ;en
show me the picture batman the long halloween. ;en
please look up the beauty on the fire show. ;en
find me the memorial. ;en
search for the long dark. ;en
i wanna watch the television show new astronomy. ;en
looking for the photograph the crimson climax. ;en
i'm looking for sherlock holmes contre are some blue pin. ;en
please fine me worms clan wars. ;en
looking for video game for those who would walk with the gods. ;en
find me the karl hess toward liberty photograph. ;en
show a family torn apart TV show. ;en
find me the picture live in paris nineteen seventy five. ;en
where to buy painting. ;en
can i see the encounters. ;en
play the lord of the mask song. ;en
find the prince of temple street a picture. ;en
show the glass cloud single TV series. ;en
find five spanish songs a photograph. ;en
i want to see breathless. ;en
show me the television show the science of breath. ;en
find a painting called break down. ;en
find sweet sensation. ;en
how can i watch the television show straight shooter. ;en
looking for free four tobias tells the divergent knife throwing send. ;en
i'm looking for a picture of fresh air. ;en
show me the trailer for live phish volume twelve. ;en
find a painting called boating on the river. ;en
show me your talks the column. ;en
i'm looking for the television show titled justice league. ;en
find a game called the life and loves of tchaikovsky. ;en
play me the show cheaper by the dozen two. ;en
play the TV series heart of gold. ;en
show the TV series the merry sisters of fate. ;en
can you please look up the game the islanders. ;en
show me the movie black summer. ;en
find digimon next. ;en
find american psychologist a game. ;en
i am looking for the TV show called the flight of the lost balloon. ;en
can you find a photograph entitled beneath the harvest sky. ;en
can you locate the novel is more family. ;en
find a video game called young. ;en
find a photograph called the wish list. ;en
find the novel the last of sheila. ;en
please look up the around the world in eighty days movie. ;en
play the home is where the music is TV series. ;en
i wanna watch the show frank sinatra sings the select sammy cahn. ;en
where can i view the photograph the phantom horse. ;en
play the song red lanta. ;en
find a picture called cahoot. ;en
where can i watch the TV show terrorists the kids they sentenced. ;en
where can i see the trailer for phineas redux. ;en
find a show called star trek star fleet academy starship bridge simulator. ;en
find the show the demi god and semi devils. ;en
find the photograph jboss enterprise SOA platform. ;en
find the game a russian beauty and other stories. ;en
find the burn the sky down album. ;en
i want to play the game guitar heaven the greatest guitar classics of all time. ;en
please find me the rear mirror saga. ;en
is the TV show the prodigal wife on today. ;en
find once upon a time in the west. ;en
i want to see the trailer amor puro. ;en
find she monkeys. ;en
find a world apart. ;en
i want to read the book the minotaur. ;en
find the song called international journal of bilingual is am. ;en
where do i purchase the book babysitter. ;en
i'm looking for the music of nashville season three saga. ;en
find the creeper. ;en
look for global clubbing the netherlands. ;en
where can i find the painting RSS tracking. ;en
find becoming going. ;en
please get me the work shirley. ;en
find returned to cry. ;en
search for big ideas painting. ;en
where can i view the photograph dinosaur from the deep. ;en
play the TV series bet awards two thousand thirteen. ;en
can i get the game list of mew singles. ;en
show creative video game name for rose to john greco. ;en
show me the caribbean blue television show. ;en
find the good wife. ;en
give me a link to the saga called copper justice is brutal. ;en
find the photograph hearts burst into fire. ;en
please find me the game called the salvation. ;en
find the dress maker. ;en
i want to find a book called cash cash. ;en
find back for good a novel i want to read. ;en
show creativity of the game everything at once. ;en
show an actress for the newest album is here. ;en
please search cardin in australia saga. ;en
find three hundred march to glory a song. ;en
find the from the hut TV series. ;en
show creativity of night of the hunter. ;en
what does for all the wrong reasons look like. ;en
find the album smoke and mirrors. ;en
i'm looking for a photograph called merry christmas. ;en
find boyish story. ;en
show creativity of the house of the dead. ;en
i'd like to see the the gathering storm TV series. ;en
looking for kepler scientific workflow system. ;en
find the game just dance greatest hits. ;en
i want to watch a movie god slayer. ;en
find the trailer for bill cosby presents the state of emergency. ;en
where can i purchase a copy of the photograph on the front page of today's jacksonville daily. ;en
play a box of birds trailer. ;en
show schedule for loved by thousands. ;en
play the hell of a life movie. ;en
help me find the work unite and win. ;en
find the movie shake your spirit. ;en
show me the movie haunted spooks. ;en
search for chasing fortune a TV series. ;en
can you find the soundtrack for fast food nation. ;en
find a show called the paper route. ;en
is there a chinese wikipedia. ;en
show me the trailer for american education the national experience. ;en
what is the michael moore is a big fat stupid white man video game. ;en
find bank act. ;en
find seduced by madness a trailer. ;en
find the saison seven de how i met your mother show. ;en
i want sugar foot. ;en
i am looking for a work called carry you home. ;en
find me the balance. ;en
when is city of angels playing. ;en
look up the gun soundtrack. ;en
find the album the peace maker. ;en
find the sarah the teen princess game. ;en
try to find the picture advances in ecological research. ;en
where can i view the photograph occasional wife. ;en
find a work with the name of come saying. ;en
look for all broken up and dancing which is a video game. ;en
show me the lowest price for the game sinatra reprise very good years. ;en
where can i find the game kia newspaper. ;en
i want to read the book crash landing. ;en
search for the catcher and rich show. ;en
where can i find the show game of death to. ;en
find the rewind the film TV show. ;en
please find the album the party scene. ;en
where can i listen to the soundtrack of gibraltar britain in the sun. ;en
find the show titled the most charming and attractive. ;en
find confusion bay. ;en
find a TV show called frontiers in ecology and the environment. ;en
where can i find richard the lion heart rebellion. ;en
show me the saga elsewhere. ;en
are there any painting of the first concert oh yeah nineteen ninety nine. ;en
find remedial chaos theory a soundtrack. ;en
find waiting for touchdown a book. ;en
go to after dusk they come. ;en
search for to heart two. ;en
i need the game the ARIA music show. ;en
find the painting the adventures of teddy rocks been. ;en
find the another ticket game. ;en
please find the show kim jong discography. ;en
show me the photograph of king charles. ;en
look up adobe brackets soundtrack. ;en
need the saga called the black lamp. ;en
show me the lights out saga. ;en
i'd like to see the saga song of the orioles. ;en
find TV series titled a life in the death of joe meek. ;en
find a soundtrack called tied to a star. ;en
search for the examples of time book. ;en
i'm looking for the video game called the supernatural events on campus. ;en
i want to play the video game ESPN major league soccer. ;en
get me a photograph of trac. ;en
show chocolate rain creativity. ;en
find a TV series called white bread black beer. ;en
show me the i can hear the sea movie. ;en
show me the album three songs about lenin. ;en
i am looking for the complete fillmore east concerts. ;en
find donkey town a show. ;en
play the soundtrack for back to the future. ;en
where can i find sebastien grainger and the mountains. ;en
play keep your right up song. ;en
find a movie called greatest time of year. ;en
where can i listen to willy and the poor boys. ;en
can you pull up my name is brain brian. ;en
find wish you were here. ;en
find a valentine's sweet. ;en
find the digital champ battle boxing. ;en
find the son of man show. ;en
show creative photograph named none of the above. ;en
show the lateness of the hour. ;en
find business ethics european review. ;en
find me the book filthy live. ;en
play the lousy dance trailer. ;en
look for conducting from the grave. ;en
find the saga a very school girls holiday. ;en
find a television show called swing high. ;en
i'm looking to find kiss me goodbye. ;en
i am looking for the TV show titled catchphrase. ;en
can you find me the work titled a little curious. ;en
please search the title the twilight saga breaking dawn part two. ;en
find a saga called the devil went down to georgia. ;en
where can i get my horror. ;en
look up the brave archer two. ;en
find me the show crypto the super dog. ;en
where can i purchase paradise tonight online. ;en
search for the adventure of the blue carbuncle. ;en
find the cartel volume to novel. ;en
show creativity of official history of australia in the war of phone. ;en
find a picture called every little thing she does is magic. ;en
please find me the book step into my groove. ;en
i'd like to hear the soundtrack for just once in my life. ;en
find a soundtrack called pax warrior. ;en
look for the chu chu and the philly flash picture. ;en
find a book called the echo chamber. ;en
i'd like to watch the TV series sailor moon super the movie. ;en
find the trailer for seven year itch. ;en
search for the adventures of cookie and cream. ;en
find the ghostly swim two book. ;en
where do i see the trailer for live dates. ;en
fine. ;en
find a photograph called the difference. ;en
find me the book my people were fair and had sky in their hair but now they're content to wear stars on their brows. ;en
find the gill deacon show. ;en
can you find me the stand proud book. ;en
look for the saga called death in paradise. ;en
find the TV series from the top. ;en
where can i get the album so fresh the hits of spring two thousand eleven. ;en
book of two for the road. ;en
who published the novel james addition. ;en
i'm trying to find a show. ;en
where can i purchase the book scales of justice. ;en
play me the TV show seal team. ;en
i want the photograph of elizabeth the queen. ;en
show creativity in photograph of grace submerged. ;en
i am looking for the work nikki. ;en
find the TV show when i was a boy. ;en
find a picture called blink of an eye. ;en
where to get album justified. ;en
search for another cinderella story. ;en
play the future of active infestation trailer. ;en
find a game called the guyra ghost mystery. ;en
i'd like to find scriptures of the golden eternity TV series. ;en
go to the movie the best of pirates of the mississippi. ;en
i'd like to watch the trailer for dungeons and dragons chronicles of my stara. ;en
i want the video game southwest riders. ;en
please search the word revolution. ;en
show me the TV series prescription for death. ;en
find love will tear us apart a photograph. ;en
show creative video game in my own backyard. ;en
find a soundtrack called fast as you. ;en
read the black body theory and the quantum discontinuity novel. ;en
find the novel playlist the very best of brad paisley. ;en
show me the show live at the fillmore east. ;en
find a song called this champagne mojito is the last thing i own. ;en
can you find me a trailer for phineas redux. ;en
find a book called follow me. ;en
play keep their heads ringing. ;en
get the video game of the chipmunk song. ;en
look up the game called the long morrow. ;en
find the movie curl. ;en
show me the painting called the descendants. ;en
find a TV series called cocktail kings. ;en
show me the edge of love photograph. ;en
find face the truth a TV show. ;en
show book of pokemon the mastermind of mirage pokémon. ;en
where can i purchase the game dancing in the dark ten years of dancing ferret. ;en
find a TV show called ride the wind. ;en
find a TV series called live hearts. ;en
find a movie called the easy way to stop smoking. ;en
i need a book called student demonstration time. ;en
play the seamus. ;en
where can i watch the picture i'll take care of you. ;en
search for man in a garage. ;en
show second generation album. ;en
find a game called an aerial joy ride. ;en
play me the soundtrack for nothing personal. ;en
i'm looking for sixteen thirty for the ram rebellion. ;en
play me a trailer for the northwest passage. ;en
show me the live legend nineteen ninety nine and nineteen ninety seven apocalypse TV show. ;en
i'd like to see the new jungle. ;en
looking for novel build engine. ;en
i'm looking for the novel from a scream to a whisper. ;en
find me the picture called bugs bunny nips the nips. ;en
play the graduate faculty philosophy journal album. ;en
where can i find the creative works the very best of simply red. ;en
i'd like to hear the song in a reverie. ;en
find a game called a very special christmas seven. ;en
play me the saga the party's over. ;en
help me locate the tristan betrayal. ;en
what is love in a mist. ;en
i wanna watch supernatural the unseen powers of animals. ;en
i'm looking for a novel called and then there was light. ;en
show me the song spiderman of the rings. ;en
get me kiss the crystal flake. ;en
i'm looking for the painting god must have spent a little more time on you. ;en
show me the song the incredible hulk returns. ;en
can you find me the movie the countess. ;en
hook me up with a song by dancing girl. ;en
show me the old email and the three cats. ;en
find the TV series the almighty johnson's. ;en
find the dead smiles to soundtrack. ;en
go to the saga the quantum thief. ;en
find the show the sword of el lector. ;en
find family feud novel. ;en
search for video game the sky is crying. ;en
where can i purchase the TV series liar game the final stage. ;en
i'm looking for circus world. ;en
show me happiness was free. ;en
please look up the four hour workweek saga. ;en
what is the picture called lest we forget the best of. ;en
find the TV show hot air. ;en
please search for the live in san juan capistrano picture. ;en
find a show called some kind of dangerous. ;en
can you help me search the album titled playmaker. ;en
play the new bins of attorney a trailer. ;en
i'm looking for the. ;en
find an album called stumble stop repeat. ;en
find a novel called episodi di sons of anarchy. ;en
play remains of the day. ;en
i'm looking for the movie white unicorn. ;en
i'm looking for the video game masterful mystery tour. ;en
where can i get the video game faith in chaos. ;en
find a movie called right here right now. ;en
find a song called you cross my path. ;en
play the song memories are my only witness. ;en
show saison five de game of thrones. ;en
play the cabin fever two spring fever saga. ;en
show me the trailer for the blades. ;en
find the photographic journal. ;en
find a photograph called dragon ball z the best selections. ;en
find bal ganesh two a video game. ;en
please help me find the bloom remix album song. ;en
find history of north dakota a TV series. ;en
show creativity of the force behind the power. ;en
i'd like to hear the song in a reverie. ;en
where can i see the television show jimmy two shoes. ;en
find a novel called matching dreams. ;en
looking for the trailer for shaolin temple. ;en
find friendship way. ;en
get me the trick or treats soundtrack. ;en
show me tears on my pillow. ;en
where can i find the sounds to consume album. ;en
can you tell me the actors of the saga awards. ;en
i need to find the so nice soundtrack. ;en
i'm looking for the game called summer of fear. ;en
please find the TV show the dream stone. ;en
find me the book called suffer. ;en
find the painting sleeping in your hand. ;en
where can i stream a television show called safety EP. ;en
show creative song called holidays on the river yarra. ;en
show creative trailer of the sword of the lord. ;en
i'd like to see the painting empire of two worlds. ;en
play me the trailer for chasing after shadows living with the ghosts. ;en
find an album called from and shit you do. ;en
play thirty greatest hits. ;en
where do get photograph of my own best enemy. ;en
can you get me the education of little tree song. ;en
find innocent world. ;en
show me the album. ;en
i want to see everytime we touch which is a painting. ;en
find an art called cassidy. ;en
i want to listen to the soundtrack the om years. ;en
where did the painting highs in the mid sixties girl. ;en
find some of my best friends are a piano player. ;en
find me the painting fallen sanctuary. ;en
please find the TV series back to bach. ;en
can you find the novel journal of social work. ;en
find the international journal of robotics research soundtrack. ;en
look up the collection volume one novel. ;en
play another time. ;en
TV series for the thirty nine steps. ;en
search for the television show me and my guitar. ;en
search for the abel sánchez the history of a passion novel. ;en
find a painting called satisfaction is the death of desire. ;en
search for the painting hess a biography. ;en
find me the picture entitled i'll take care of you. ;en
look up the reverse of the medal. ;en
play the new noise theology e. p.. ;en
show me the album apache axis two. ;en
show me the album clarke. ;en
can you give me the star crossed saga. ;en
find sappho. ;en
show the best of minnie ten saga. ;en
please find the work titled talking to heaven. ;en
find me the rise and fall of the great lakes saga. ;en
please look up the painting modern times. ;en
i want to read the saga michael clayton. ;en
find a picture called neighbourhood. ;en
show creative picture of wonderful town. ;en
please locate sad love story novel for me. ;en
find wild solutions a saga. ;en
show creative book named pencil thin mustache. ;en
i want to play the video game the coyote kings of the space age bachelor pad. ;en
where can i buy a barometer clock. ;en
show me god bless the child photograph. ;en
can you find me the magic hour song. ;en
find me the picture the id. ;en
find a television show called tiny dancer. ;en
where can i get fight for anarchy. ;en
play the movie i want my MTV vy on censored story of the music video revolution. ;en
find book called dreams and all that stuff. ;en
can i hear the song american high. ;en
look for the learning and behavior picture. ;en
i want to watch the trailer ad nausea am. ;en
find me the TV show the first bite. ;en
i want to watch the TV show tales from space about a blob. ;en
is there a game called the neutral zone. ;en
please search for the work wholehearted. ;en
please look for orion you came and you took all my marbles. ;en
search for the song banquet for the damned. ;en
find a painting called mister scarface is back. ;en
i want to watch man thin. ;en
can you find me the naked city justice with a bullet album. ;en
find a novel called downward to the earth. ;en
where to watch show extremely live. ;en
find the picture titled battle spirits doing in top of action. ;en
find a photograph called midnight mystery. ;en
please search the songs for the deaf video game. ;en
find trailer of jazz impressions of the u. s. a. ;en
find the video game tenacious d in the pick of destiny. ;en
i need to find the work brotherly love. ;en
look for fighting to. ;en
where can i find the novel missed. ;en
find the life of riley a photograph. ;en
i wanna watch the show food force. ;en
find a TV show called the extraordinary. ;en
can you find my island home TV series. ;en
find landing on water. ;en
find the trailer for the spooky sisters. ;en
what is a romance of the halifax disaster. ;en
what is lost land of the tiger. ;en
look for the book titled iranian journal of fuzzy systems. ;en
show me the picture creatures of light and darkness. ;en
find pat garrett y billy the kid. ;en
find karol the pope. ;en
show song schedule of shoot for the moon. ;en
need to find the soundtrack called fire in the valley. ;en
show me the photograph called hola mary lou prom night two. ;en
need to find the TV series called administrative behavior. ;en
find old school junkies the album a video game. ;en
show me my princess. ;en
show me horton and the quarterback and more lost stories. ;en
look up the making of milwaukee. ;en
find the book a glorious way to die. ;en
show me rapid city muscle car. ;en
find a trailer called just say noël. ;en
find the trailer for live at hull. ;en
play the caps lock trailer. ;en
show me the movie called people and masks part two. ;en
where can i buy the soundtrack bridge of souls. ;en
show me the courts of. ;en
find a TV series called the golden hits of sandy chào. ;en
look for the show named chestnut mare. ;en
find trust in the lord live worship with don moen. ;en
search for the nations. ;en
play live at leeds. ;en
play the song aura too the sacred rings. ;en
can you find the novel stone age rom ios. ;en
find the press of atlantic city movie. ;en
i want to see the trailer for no one. ;en
get soundtrack of comprehensive knowledge archive network. ;en
can you find me the painting titled across the line. ;en
please search the irv gotti presents the murderers picture. ;en
find terminator three redemption a picture. ;en
i'd like to watch the TV show hola mary lou from ny to. ;en
show me the picture totally true love. ;en
where can i get intel array building blocks. ;en
find an album called burnout the ultimate drag race challenge. ;en
where can i watch the latest episode of the TV show chu chu and the philly flash. ;en
play me the TV show the women of our home. ;en
go to the movie welcome to tokyo. ;en
please help me find the selections from the arista years video game. ;en
find the picture nur mit dir a walk to remember. ;en
find a video game called merry andrew. ;en
i'd like to see jacksonville daily progress saga. ;en
i need the book titled lullaby of broadway. ;en
where can i see the show twenty something. ;en
i am looking for shoot me down. ;en
please help me find the short program saga. ;en
find the novel a hat in time. ;en
find a show called the chi yoga roni love for you. ;en
find long walk to forever a novel. ;en
show the movie move any mountain. ;en
i want to see the TV show cause and effect. ;en
show the TV show the last samurai. ;en
find a show called the crowd roars. ;en
how do i get the soundtrack for hearts of fencing. ;en
show the creativity of saga that is associated. ;en
i want the video game two more years. ;en
look for hail satan as we are the black legions. ;en
please search the work the mercenary. ;en
i need a photograph of the oregon desert. ;en
show me the book the republican brain. ;en
play the case of the whitechapel vampire TV series. ;en
find a TV show called randy scales skirt. ;en
find a television show called main street. ;en
find the case of the frightened lady. ;en
find the book cold comfort. ;en
find the hundred foot journey. ;en
where to see painting twelve angry men. ;en
show the trailer of rug rats go wild. ;en
find the song ticks. ;en
find black mirror three final fear. ;en
is the TV show available to watch anywhere. ;en
where can i find the ricky scott's desk in a fee. ;en
find a show called time is just the same. ;en
show me then we came to the end. ;en
i'd like to see completely well. ;en
find the book called black wings of destiny. ;en
look up applied linguistics. ;en
help me search UFC on fox show. ;en
find all jets are gonna fall today saga. ;en
play the what i need to do soundtrack. ;en
find the love and war soundtrack. ;en
show creative painting people and love. ;en
find the novel make peace not war. ;en
find bells break their towers a video game. ;en
find something crucial a book. ;en
please pull up nothing feels good. ;en
show me a video game made by the PGA NZ. ;en
find a TV show called union. ;en
find a picture of a breed apart. ;en
can you search a song for mama book for me. ;en
find young miss holmes. ;en
i wanted to see the book the mailroom hollywood history from the bottom of. ;en
i'd like to see the picture the principle of hope. ;en
i'd like to find the days of glory saga. ;en
what is the TV show journal of personality and social psychology. ;en
find the radical history review saga. ;en
is it possible to find the book live in europe online. ;en
show me dangers of the canadian mounted. ;en
i'm looking for the saga the hardest part. ;en
where can i find the song red back fever. ;en
show under the sea creative video game. ;en
find the show titled hell on earth two thousand six. ;en
where can i purchase the saga the second life of samuel tyne. ;en
find hero quest to legacy of story info. ;en
i'd like to watch miss congenial d. ;en
please search the karobar economic daily picture. ;en
where can i get harry potter and the philosophers stone. ;en
find a trailer called storm center. ;en
please search a new machine TV series. ;en
locate me the novel entitled business. ;en
how do i see the TV series to see the invisible man. ;en
where can i view the trailer extreme the collection. ;en
find darker than black. ;en
i'm looking for the trailer of highlands today. ;en
find a book called screwed. ;en
find the TV show titled the three leaps of wang lun. ;en
i want to view the picture in old monterey. ;en
search for ayumi homicide countdown live phone anniversary song. ;en
show me interesting times the secret of my success. ;en
i need info on the video game iron fist. ;en
find the movie everywhere but home. ;en
where can i find the trailer for sensations of nineteen forty five. ;en
find word of mouth for me. ;en
find a soundtrack called top gear australia. ;en
where can i see the show latin for lovers. ;en
find drowning with land in sight. ;en
find a pizza that sorcery soundtrack. ;en
find trivial pursuit america plays. ;en
find the gamblers. ;en
i wanna watch the television show champion. ;en
i'm looking for a picture titled rock painting. ;en
can you find me the game a silence that screams. ;en
look up the baltic times picture. ;en
please give me the critical condition show. ;en
find hope and other sins a TV show. ;en
play the xy man soundtrack. ;en
find the novel peace arch news. ;en
find the trailer for hotel on the corner of bitter and sweet. ;en
find have a six pence photograph. ;en
look up the stars are indifferent to astronomy. ;en
show creativity of a catholic education. ;en
i'd like to see the book the royal thousand. ;en
find the check please photograph. ;en
can you find me the work frisbee the life and death of a hippie preacher. ;en
please look up the novel heroes of annihilated empires. ;en
find the TV series shaun the sheep. ;en
show the song black heart white soul. ;en
find cover her face. ;en
when is the next episode of the TV series crossing lines showing. ;en
find a trailer called way down yonder in new orleans. ;en
find a soundtrack called the book of folly. ;en
find framing the early middle ages a game. ;en
please find me the youth against fascism television show. ;en
when does fire and ice the winter war of finland and russia television show air. ;en
find me the book with the title of the rainwater LP. ;en
play the game sugar flood. ;en
find information about the album flip city. ;en
i want the movie pursue miranda and his theatre. ;en
find the TV show titled time writer the adventure of lyle swann. ;en
show me the movie sonic triple trouble. ;en
how can i see the TV series mod storm. ;en
please find pretty baby. ;en
i'm looking for river disturbance. ;en
show creativity of the album saga. ;en
find manual of love two. ;en
where can i find information on brats in battalion. ;en
find the flying starts. ;en
can i see the boat people. ;en
find a television show called milagros girl from away. ;en
play the electrochemical and solid state letters song. ;en
find a photograph called cope park. ;en
can you find me the my father my king game. ;en
show creative work or miami vice theme. ;en
show TV series schedule of gears of war. ;en
play the last mile album. ;en
find the crucible of man something wicked part two. ;en
play a trailer for give it all. ;en
look for the trailer of guitar heaven santana performs the greatest guitar classics of all time. ;en
search for television show windows live TV. ;en
find a painting called the other bank. ;en
where can i find conduct and becoming. ;en
i want to watch the movie x window display manager. ;en
wish to hear the album since i saw you last. ;en
she me the game called knowledge and decisions. ;en
i'd like to play the video game time to kill. ;en
find the transformers generations video game. ;en
show creativity of your body above me. ;en
show creativity in ah. ;en
please search for the two faces of my girlfriend saga. ;en
find drumline a new beat a picture. ;en
show me cut the rope video game. ;en
find a soundtrack called meet the vogue. ;en
please help me search the banker television show. ;en
find me a saga by reproductions. ;en
find the work compiled fragments phone. ;en
show creativity of saga frontier marshal. ;en
where can i view the trailer jeeves and wooster in perfect nonsense. ;en
find the photograph a little less sixteen candles. ;en
find a game called the oh in ohio. ;en
where to get painting of channel four news. ;en
show song schedule come into the world. ;en
show me the photograph a woman from the street. ;en
looking for a black ribbon for deborah. ;en
look for the no bigger than a minute soundtrack. ;en
find my only wish in some form of creative work. ;en
can you please find me the biggest loser brunei the spirit of life photograph. ;en
please find the movie a jingle with jillian. ;en
play hell house song. ;en
show the url photograph. ;en
i wanna watch the television show little things. ;en
find the covered wagon a game. ;en
can you help me find preaching to the perverted. ;en
find home fires. ;en
show creativity of soundtrack on iheart radio countdown. ;en
show me a photograph called the daily slovak news. ;en
find the app store. ;en
find the show transfers. ;en
search for the video game the book of heroic failures. ;en
i want to listen to the song first time for everything. ;en
find a pet of the cairo zoo. ;en
show the my world two point zero photograph. ;en
how can i see the show pulse two after life. ;en
info on show natural language and linguistic theory. ;en
show me TV series lego star wars three the clone wars. ;en
find the apple address book television show. ;en
what is the book sell your body. ;en
show me heavenly sword. ;en
show creativity of home brew. ;en
find a soundtrack called the outpost. ;en
please look up the television show noel hill and tony london. ;en
where can i purchase wild. ;en
how do i watch the television show counting the rows. ;en
show me photos cape. ;en
show more questions than answers trailer. ;en
play trailer of do whatever turns you on. ;en
find a show called friday download. ;en
i'd like to see the movie reviews. ;en
read the novel on-line encyclopedia of integer sequences. ;en
how do i watch the TV show NBA access with ahmad rashad. ;en
find the modern world video game. ;en
buy novel brokeback mountain. ;en
find le profil amina TV series. ;en
i need to find the creative work wave. ;en
find under night in birth. ;en
find fanatic. ;en
find me the movie with the title of twitches. ;en
find the carousel saga. ;en
can you find me the real mccoy novel. ;en
what is party all night. ;en
find a television show called basement. ;en
i need to find the creative work burn baby burn. ;en
show creativity of wild about animals. ;en
where can i find the novel a woman in the web. ;en
show me chasing a feeling painting. ;en
please get me infernal devices game. ;en
find a TV show called the soul taker. ;en
find the collision in black painting. ;en
show video game and the quality of life. ;en
please give me the british journal of dermatology game. ;en
show me the saga my darling. ;en
please search for the microsoft safety scanner television show. ;en
pull up the TV show bones seasons the best of skid row. ;en
find the creative work brilliant tragic. ;en
can you search the picture titled the accounting. ;en
find the killing fields. ;en
i'd like to see the picture to the farm. ;en
find a TV series called armageddon summer. ;en
find a television show called the high jasper al. ;en
look up the search lights painting. ;en
show the taste. ;en
find the novel the thunder rolls. ;en
i am looking for the TV series strays. ;en
search for the world is a game. ;en
i'm looking for the song called standing for something. ;en
where can i find the novel the great irish bake off. ;en
find a novel called kiss me or. ;en
find the little death a soundtrack. ;en
show me the soundtrack the phoenix. ;en
where can i watch TV series shopping spree. ;en
go to the television show nothing without you. ;en
i want to listen to the song. ;en
need find the book called hollywood connection. ;en
what song is detective conan dimensional sniper. ;en
painting of live from the el rey theatre. ;en
find the game gorman. ;en
find just south of heaven. ;en
need a creative work with the title unholy confessions. ;en
find a photograph called wild cats on the. ;en
find the album until the whole world hears. ;en
where can i watch the television show called fangs of the arctic. ;en
i'd like to see walk on the wild side the best of lou reed. ;en
find the show manson. ;en
show me the atrocity exhibition. ;en
go to the TV series love berry. ;en
i'd like to see apartment hunting. ;en
find the book bad day on the block. ;en
find a painting called voices in my head. ;en
search for the saga of return of the bastards. ;en
please get me stories from the english and scottish ballads show. ;en
show me the live in whitby album in here. ;en
show. ;en
i want to see the television show the muppet christmas carol. ;en
find a picture called battlefield network. ;en
look for the TV series the stars at saint andrea. ;en
find the song the fourth man. ;en
show the creativity of the attic. ;en
please look up the painting beyond iconic photographer dennis stock. ;en
find me a soundtrack by ghost town prophecy. ;en
find the sarah belle on buck. ;en
show creativity of photograph of my wonderful day. ;en
please look up the power and love movie. ;en
please find me the purple vigilantes book. ;en
help me locate a game called the master of fallen tree. ;en
where can i find the TV show earth defense force twenty twenty five. ;en
i'm looking for an album called the orchestra in project. ;en
show me the television show children in need rocks two thousand thirteen. ;en
where can i purchase a copy of the painting called glimpses of world history. ;en
please find me the platinum box to song. ;en
please pull up the trailer for stares and whispers. ;en
find games wizards play TV series. ;en
find a television show called the passion of the betty. ;en
please search crossing muddy waters work. ;en
i want to read the novel pokémon the movie black fifteen am and white fifteen ms here. ;en
where can i find the saga addicted to love. ;en
i want to listen to the soundtrack adobe digital editions. ;en
show the feed the kitty painting. ;en
show me the book it might as well be spring. ;en
show the three tales album. ;en
show GD and top painting. ;en
find a video game called creators of the stock. ;en
can you locate the work warlock two the exiled. ;en
search for the television show called educational psychologist. ;en
show me convicted. ;en
i'd like to cease fire force. ;en
find changes i love story. ;en
can you pull up the television show called electric boogaloo. ;en
find a game called so long self. ;en
find at this point in time. ;en
when and where is destroyed watch playing. ;en
i wanna watch TV series the practical pig. ;en
find a photograph called between the days. ;en
find a photograph called cold weather. ;en
can you find the movie accidentally in love. ;en
search for teenage mutant hero turtles followed the fridge clan photograph. ;en
show me the game english repeat. ;en
find book in the valley. ;en
play the widow of st. ;en
find a TV show called zen the music of fred katz. ;en
play the song s. f. sound furniture. ;en
look up the cool cafe cool tape volume one video game. ;en
find a show called but on. ;en
play me the song the french chef. ;en
show me the advocate. ;en
show creative photograph of when they'll heart of winter. ;en
find a painting called the wipers times. ;en
find a soundtrack called the alice cooper show. ;en
need to find a creative work with the title sometimes the blues is just a passing bird. ;en
show the immortal grand prix. ;en
when is playing. ;en
find a TV show called engaged to the unidentified. ;en
find me a game called space lol. ;en
play miss to so bladder. ;en
find a saga called the life of riley. ;en
find the hopeless romantic photograph. ;en
please look for the TV show memoirs from a bedroom if you want. ;en
i'd like to see the picture chrome dreams. ;en
find a soundtrack called new religion. ;en
find all about aubrey. ;en
look for a photograph of i wanna sex you up. ;en
what is the price for the album praise the lord and pass the ammunition. ;en
show family plot. ;en
find a game called gladiators australian series one. ;en
where can i buy the something borrowed saga. ;en
i need work of father dearest. ;en
can you find me the dicey business TV series. ;en
find the blood red sandman. ;en
find me the seven ups. ;en
please search for the legend of korra book. ;en
show me the book pokémon the journeys. ;en
find the quest of iran. ;en
find me an album called rejoicing with the light. ;en
i want television show come again smith. ;en
where can i listen to the song the imposter. ;en
find the game company of heroes. ;en
show that little band of gold. ;en
find me the documentary a winter of cyclists. ;en
play the song vocation is the arcade dominion. ;en
find a show called american journal of play. ;en
find good reader. ;en
play the disco grafia did the pretty reckless saga. ;en
please search for sealed with a kiss movie. ;en
search for informal wings. ;en
search for the compliance. ;en
i want to listen to the song the loving spirit. ;en
i'd like to see the game called god is in the tv. ;en
show me the song fifteen storeys high. ;en
please search the ryan theory video game. ;en
i'd like to see the saga tom g sixty four min the world. ;en
help me find from time to time a TV show. ;en
show creativity of doomsday comfort. ;en
find the song occasional wife. ;en
i want to see far cry vengeance. ;en
look up the adventure of the blue carbuncle. ;en
trailer of gate of thunder. ;en
i need a painting called brubeck plays brubeck. ;en
find the three little pigs television show. ;en
find bullet and a target a television show. ;en
i want to play the video game international pink study group newsletter. ;en
look for the game find another way. ;en
find a trailer called colony seven. ;en
find TV series of new audit the curse. ;en
can you look for the creative work called no gravity. ;en
find a saga called night life. ;en
find me the novel london has fallen. ;en
find a TV show called the fighting men. ;en
what is the cheapest online price for the instincts saga. ;en
can you find the TV show faithless street. ;en
find me the television show a city sleeps. ;en
play everybody wins trailer. ;en
find the song titled the rivalry red v. blue. ;en
find me the album the weed tree. ;en
show me the evil dead painting. ;en
play the soundtrack for the lord of the rings conquest. ;en
i am looking for the creative work a wonderful life. ;en
find mother earth a TV show. ;en
find a book called the polish bride. ;en
show creativity in all nudity shall be punished. ;en
show creativity of construction project information committee. ;en
where can i find the album the adventures of lolo to you. ;en
where can i find the movie called cracking contraptions. ;en
where can i watch watch the television show catch. ;en
i want to listen to the soundtrack and then there was light. ;en
find a novel called testing anywhere. ;en
i'd like to watch episodes from the TV series the secret of queen anne or musketeers thirty years after. ;en
play the crowd study of the popular mind soundtrack. ;en
look up the television show called monster mash. ;en
where can i buy a hardcover copy of the book the intangible of leadership. ;en
find your personal touch. ;en
find a photograph of adventure time the secret of the nameless kingdom. ;en
can i see the show heroes of might and magic four. ;en
network soundtrack download. ;en
i want to play the game the carney. ;en
find the photograph the air is on fire soundscapes. ;en
find the game selling blue elephants. ;en
show the trailer of deadly skies. ;en
find a photograph called at query API for java. ;en
search for live forever the rise and fall of brit pop TV show. ;en
find back to boomtown classic rats hits a soundtrack. ;en
find the show we chase the waves. ;en
find saga hamilton c shell. ;en
where can i find lonely hearts. ;en
where can i find the game a little bit of mambo. ;en
find saison seven de sons of anarchy. ;en
could i download chavez inside the coup. ;en
i'd like to hear the song in the dollar prince vs penguin empire. ;en
show me the picture nothin. ;en
find a television show called twisted. ;en
can you search city of scars. ;en
please look up the falls church news-press album is here. ;en
show crafty hands saga. ;en
show me a picture called heart like a hurricane. ;en
find a TV series called church of the truly warped. ;en
find do you wanna touch me a song. ;en
i'm looking for the show pulse two after life. ;en
find the trailer for real men cry. ;en
want to watch the TV show tribute to love starling. ;en
find store across. ;en
please find me the work earth intruders. ;en
i'm trying to find the final solution video game. ;en
find a TV show called ruthless. ;en
i want to find the show called fresh aire seven. ;en
find the photograph the nick cave and the bad seeds. ;en
find the most important people a television show. ;en
can i buy the book vacation of petrov and the surgeon on line. ;en
look up the fair warning saga. ;en
can you find the album simple screen recorder. ;en
find the novel meg and sharon. ;en
show creativity of video game labyrinth. ;en
where can i find tales of ghost castle. ;en
find the album biology today an issues approach. ;en
show me the lord of the isles. ;en
find make your play. ;en
find live at the bottom. ;en
please find me a novel called the caledonia. ;en
find next of kin. ;en
i wanna watch the TV show official detective. ;en
show creativity of all for one. ;en
search for the exiled realm of harbour area. ;en
can you pull up the sanford herald. ;en
play me east side story. ;en
want to find a photograph called the nine maidens. ;en
where can i buy the lying game. ;en
look up the park album. ;en
i wanna watch the TV series freaking chinatown. ;en
show angels of iron television show. ;en
where can i get the novel flash colored horror. ;en
find a saga called set sail the prairie. ;en
show me the different restoration of TV series. ;en
can you please look up the TV series an experiment with time. ;en
find google news. ;en
find the TV show tribute to the troops. ;en
show creativity of what is dead may never die. ;en
where can i purchase the TV series the mating season. ;en
where can i get a photograph of death knows your name. ;en
i'd like to see the television show the best of design of a decade phone. ;en
find a television show called servidor apache. ;en
look for a photograph of tailwind. ;en
where to watch television show linger awhile live at newport and more. ;en
can you play the wanderer and his shadow. ;en
i'm looking for you to get me jack of shadows. ;en
i need top gear two please search it for me. ;en
where can i locate the game legion of mary the jerry garcia collection. ;en
is there any creative work for harris i goals. ;en
find the gamble. ;en
show movie the da house. ;en
i want to find night of the hunter. ;en
go to the devil in the deal for fifty secrets to successful deal maker. ;en
show creativity of novel lock. ;en
find the photograph the remix please. ;en
show the whispering willows novel. ;en
find bump off lover. ;en
what channel does the television show the rocks box play on. ;en
find a video game called the mysterious castle in the car party ends. ;en
find me the TV show ask a woman who knows. ;en
i'd like to see the saga twelve soulful nights of christmas. ;en
find night of passion. ;en
i want to play a game called scotland tonight. ;en
find a soundtrack called billboard hot r b hits nineteen eighty one. ;en
play the TV show iron seed. ;en
play show of cissy houston. ;en
show me the saga the buffalo boy. ;en
f i am the glory. ;en
find the via della rosa songs of redemption saga. ;en
find the game endangered species. ;en
i'd like to find the book called the years. ;en
i want to find the very best of chicago only the beginning. ;en
find the trailer for on the good ship lollipop. ;en
please find me chance pe dance. ;en
search for the george and the big bang TV show. ;en
look for the compact forest proposal trailer. ;en
where can i find a painting called battle stations pacific. ;en
can you find me the game super scription of data. ;en
please find the movie dancing girl. ;en
search for trailer jazz impressions of the u. s. a. ;en
play the rest of my life. ;en
find the mad woman in the attic. ;en
find a television show called sensation comics. ;en
can you locate the saga for the ringo sheena discography. ;en
find me royal astronomy. ;en
show the blackberry bush show. ;en
show the late great. ;en
show creative video game the boat is full. ;en
show creativity of song a discord electric. ;en
find a TV series called manufacturing consent. ;en
i want to listen to the soundtrack bed of roses. ;en
can you find the trailer for the young martyr. ;en
where can i read the book the omega stone. ;en
get me a johnny cool photograph. ;en
find the picture their finest are. ;en
find the black girl in search of god trailer. ;en
find the cold dead hand video game for me. ;en
find a TV show called the ambient collection. ;en
do you know of a song by the mande studies association. ;en
what is the read all about it picture. ;en
find the earth is a sinful song. ;en
i am looking for a creative work called something warm. ;en
show creativity of diamonds in the rough. ;en
find the fire in our throats will be back in brussel TV show. ;en
find the trailer for terminator the western exterminator. ;en
show creative labor notes. ;en
play the album the outpost. ;en
i'd like to see confessions of an indian teenager. ;en
show me a television show named a love to hide. ;en
find war and peace volume one. ;en
i'm looking for a movie called salvage mice. ;en
i'd like to see the novel an inquiry into the good. ;en
find us moving. ;en
look up the act of valor TV show. ;en
where can i find thor meets captain america. ;en
look for every little crook and nanny. ;en
play the catholic sun album. ;en
look for the trailer for red stallion in the rockies. ;en
go to buy a ruby. ;en
where can i locate the show the return of mr moto. ;en
can you pull up channel m news. ;en
where can i watch the TV series the trifecta. ;en
would like to find the trailer for an experiment with time. ;en
i'd like to listen to the song the natural farmer. ;en
i'd like to play the song in a reverie. ;en
can you please find me journals. ;en
can you help me find the we no who u r game. ;en
please search the young warriors game. ;en
find touch of eva a TV show i want to see. ;en
show minutes to midnight photograph. ;en
show the kindness of women picture. ;en
find the exile and the kingdom. ;en
find me the song called the budapest beacon. ;en
find the inspector for me. ;en
where can i purchase the twenty chickens for a saddle saga. ;en
i'm looking for a game called gateway. ;en
please pull up the photograph entitled another period. ;en
find the path to power. ;en
can you find the photo. ;en
find a painting called beyond the neighbourhood. ;en
i'm looking for the album called disorderly conduct video on patrol. ;en
show me the work titled the perfect gentleman which is a song. ;en
help me find where the wild things are. ;en
find the song titled the mole show live at the roxy. ;en
show me the album andrews university seminary studies. ;en
show creativity of painting of me too. ;en
find oman medical journal. ;en
what is the painting forever malcolm young. ;en
find winter sound game. ;en
show me the imei and the TV series. ;en
can you please find the notebook of try gordon dim. ;en
help me find the work titled things start take that. ;en
i'd like to listen to the soundtrack in the air. ;en
can you help me find the author arthur trailer. ;en
find live at the brixton academy. ;en
i want to listen to keep the faith. ;en
find me the jquery mobile TV show. ;en
show get it together on TV show. ;en
play bliss torn from emptiness. ;en
find a book called tron legacy re configured. ;en
can you find me the spectre television show. ;en
where can i find the work it was raining that night. ;en
find later that evening. ;en
i want to watch widen ignorant. ;en
find thunder in the east. ;en
find a video game called fare thee well celebrating fifty years of the grateful dead. ;en
find me a game called merle haggard presents his thirty th album. ;en
find the novel what we did on our holiday. ;en
can i hear the song visual audio sensory theater. ;en
show me a picture of love. ;en
i want to watch the movie maxime. ;en
where to buy video game of think fast. ;en
she me the sons of satan praise the lord picture. ;en
show the man from london video game. ;en
find a picture called ready. ;en
can you find me the restless natives. ;en
can you find the TV show so what. ;en
find a picture of music hole. ;en
i'd like to see the painting i looked up. ;en
find the television show titled spatial query server. ;en
find me the river of love saga. ;en
find spirit of the bush. ;en
find a photograph called sleeping with the enemy. ;en
pull up the trailer for two thousand years the millennium concert. ;en
find a game called bump the show. ;en
show famous classic tales television show. ;en
find a painting called screen souvenirs. ;en
please find the song house of wedlock. ;en
show the swan princess. ;en
where can i listen to the song the lost worlds of planet earth. ;en
please show me the picture history repeating. ;en
can you pull up the american music awards of nineteen seventy five. ;en
find a TV show called full house. ;en
find a TV show called revenge of the nerds. ;en
show me the sex therapy painting. ;en
find me the novel of a dictionary of slang and unconventional english. ;en
show the caveman television show. ;en
i want to watch the trailer to worms two armageddon. ;en
i'm looking for a job in inversion. ;en
went to see the trailer for the prefect. ;en
find the mystery woman saga. ;en
find a video game called no parking on the dance floor. ;en
play the noc about soundtrack. ;en
find harry potter and the deathly hallows part two. ;en
what type of movie is houston press. ;en
show the put yourself in his place game. ;en
play the album journeyman. ;en
play the trailer for a lineage of grace. ;en
play the movie white christmas. ;en
where can i find the game skip to the end. ;en
i want to world of warcraft ides of darkness. ;en
find a painting called songs from sunglasses. ;en
i want the complete global albums collection. ;en
what is the date of can am demos photograph. ;en
doing an image search for the picture perfect storm disasters that changed the world. ;en
show me the work not a little girl anymore. ;en
i'm trying to find the game called give me my remote. ;en
find a saga called shame on you. ;en
find the TV series truly full of starling. ;en
find welcome to the el palacios a movie. ;en
i'd like to see level headed. ;en
show the second civil war saga. ;en
please find me the work ace of spades. ;en
look up the show cissy houston. ;en
where can i find the picture the japanese love song near me. ;en
look for the american journal of sociology. ;en
find me the extreme ghostbusters game. ;en
find the show the best of the township idols. ;en
can you give me the expelled from paradise television show. ;en
where can i find on the marble cliffs. ;en
there's a famous painting called thursday do you have an image of it. ;en
show me the television show operation thunderbolt. ;en
where can i find the picture of house foundation. ;en
show panic in the streets. ;en
i wanna watch the show railroad model craftsman. ;en
find. ;en
can you find me the school picture. ;en
i want to listen to the album magical girl lyrical and strikers. ;en
where can i see the show kind of glue. ;en
find the television show birth of the cool. ;en
can you find the painting the crow original motion picture soundtrack. ;en
find the angry birds movie. ;en
where can i find you know me a saga. ;en
rate trailer geek chic. ;en
search for innocence from hell. ;en
find a picture called how much wood would a woodchuck chuck. ;en
play the TV show wicked city. ;en
please search for the puppet on a string video game. ;en
find a television show called happy trails. ;en
find a video game with him. ;en
find me the book the van dyke show. ;en
want a work called walk the river. ;en
search for a painting of the one hundred eyes. ;en
search for the show the caretaker. ;en
can you please find me d. r. e. immature. ;en
find check in. ;en
show the collectors video game. ;en
look for the journal of toxicology and environmental health soundtrack. ;en
find the show how to meet the lucky stars. ;en
show the phish live in vegas TV series. ;en
find the so this is goodbye saga. ;en
i'm looking for the saga lifelong ambitions. ;en
find the moldy peaches. ;en
search for the game the last horror movie. ;en
show nicole. ;en
what is the current selling price of the novel the sims three island paradise. ;en
please search the iron bound picture. ;en
find merry arizona ninety seven desert stars shine at christmas. ;en
find me nights in harlem. ;en
show the invisible hook trailer. ;en
find me the big sean discography soundtrack. ;en
find a photograph. ;en
w;en
bombshell saga download. ;en
play cry baby lane. ;en
i'm trying to find the show chant to. ;en
find a love song. ;en
find the loving spirit. ;en
find a tale of two cities a painting. ;en
find the photograph can h. ;en
play the game petty st. ;en
where can i purchase the video game the blue generation. ;en
where can i find police story three uber cab. ;en
i'd like to see sex tape finiti in read. ;en
look for little computer people. ;en
can you help me find the television show women and death. ;en
look for the thorns saga. ;en
where can i watch the TV series polite people. ;en
pull up the video game apothecary rx. ;en
find me the song two fast two furious. ;en
show creative work of through the back door. ;en
find the photograph move any mountain. ;en
play saga the yellow rose of texas. ;en
where can i buy a used copy of the game called i lie around. ;en
i want to find the show from where to eternity. ;en
find the album follow that camel. ;en
where is the TV show bomber man land touch to. ;en
can you find the beat mania id extent style. ;en
where can i purchase the TV series the royal sessions. ;en
wish to read the novel called the wizard of stone mountain. ;en
can you give me the email the more saga. ;en
can you pull up queen of the organ. ;en
show book name straight no chase. ;en
show me the painting called fool for love. ;en
play tales from the organ trade. ;en
get me a picture about served on a graph. ;en
find a soundtrack for dante's peak. ;en
i'd like to see jack. ;en
fine. ;en
find a novel called industry. ;en
i'd like to find the limited lovers novel. ;en
show me the picture gas wars. ;en
looking for the painting last flight to abuja. ;en
play TV show way of the samurai two. ;en
look up the TV series operate silver. ;en
show andy williams sings steve allen TV show. ;en
play me the song just to see you smile. ;en
find the picture ultima VI the false prophet. ;en
can i see the TV series the late music. ;en
find a game called albino black sheep. ;en
please look up for disney universe. ;en
find the movie you must first learn to draw the real. ;en
i want the song phrases for the young. ;en
i'm looking to find very events she. ;en
what is fantasy zone to the tears of PA PA. ;en
find the last angry moose. ;en
where can i download the game miss robin hood. ;en
play baby workout. ;en
find me the show girl soundtrack. ;en
find me the young doctors in love TV show. ;en
where can i see the trailer for love on the beach. ;en
i'd like to hear the song impractical jokers UK. ;en
find cascading waterfall. ;en
find the novel called loyalty. ;en
search for the painting the elder scrolls one arena. ;en
show the matrix revolutions. ;en
get me the soundtrack from sensation comics. ;en
find a soundtrack called the spanish jade. ;en
find if these walls could talk. ;en
find a TV show called shake hands with beef. ;en
where is when your heart skilled. ;en
i'm looking for the trailer to evil or divine live in new york city. ;en
where can i buy the movie two italian tea. ;en
find the trailer platinum in da ghetto. ;en
find outback bound a trailer. ;en
can you search for twilight is gone. ;en
look for the TV series all around performance horse weekly. ;en
play the television show tears laid in earth. ;en
can you please search ellington at newport. ;en
show the last tightrope dancer in armenia television show. ;en
look for the high noon TV show. ;en
show me work of truth and tolerance. ;en
show me the movie purple heart diary. ;en
i wanna watch the TV series rat pack. ;en
find a song called bronco billy. ;en
please get me the national medical journal of india game. ;en
find attack surface analyzer a painting. ;en
find the still life american concert nineteen eighty one soundtrack. ;en
find the video game journal of criminal law criminology. ;en
find me the show the skull. ;en
play video game manifesto of nevermore. ;en
find a saga called story of my life. ;en
please search for the work all the wrong reasons. ;en
show me the picture sex and drugs and jesus christ. ;en
who was the artist who did the painting called spiral two season of flame. ;en
i need a photograph of days of wine and roses and other TV requests. ;en
find the movie don't break the heart that loves you. ;en
i want to see the maximum trance picture. ;en
i'd like to play the album clarke. ;en
show creativity of pocket full of crap tonight. ;en
what is the TV show this is halloween. ;en
i'd like to see the movie edinburgh evening news. ;en
what is the release date for the DVD called wild is the wind. ;en
find a trailer called sheriff mix discography. ;en
where can i watch the television show the private affairs of bel ami. ;en
find journal of the european economic association a movie i want to see. ;en
i want to play the game the celestial hawk. ;en
where can i find the video game called banana to the unemployed ninja returns. ;en
find a movie called bruce lee. ;en
find the world is a game. ;en
i'm looking for the saga why men leave home. ;en
i'm looking for the television show the flame. ;en
show the mickey mouse photograph. ;en
what is the TV series in app store. ;en
find a book called kiss symphony alive IV. ;en
show me the picture written in the stars. ;en
show me the game music bank. ;en
find a soundtrack for meditations. ;en
show me the photograph of minutes to midnight. ;en
where can i find the soundtrack for steamboat bill. ;en
show creative game elements of life remix. ;en
find the picture chorus line. ;en
find me the lace and whiskey soundtrack. ;en
find live in tokyo for me. ;en
i'd like to see the show onion sports down. ;en
please get me the very best of chicago only the beginning. ;en
please get me the welcome to the rileys game. ;en
show me the everybody wants you picture. ;en
find the painting retro active. ;en
show video game name find the color. ;en
show me the when your heart stops beating photograph. ;en
where is the creative work seven pillars of wisdom. ;en
i need to episodes for the TV series fast food nation. ;en
show me the work the catholic weekly. ;en
find city of light. ;en
play pirates of the caribbean online. ;en
find a photograph called call on me. ;en
please give me the crime and punishment in suburbia trailer. ;en
search for the song called journal of the american statistical association. ;en
find the envoy of lucifer show. ;en
find the return to grace saga. ;en
find a movie called no more sad face. ;en
find a television show called structured fax file. ;en
where can i watch the television show you make me hate music. ;en
can i see the album SWAT force. ;en
please search for all the lovers trailer. ;en
where to get saga of a brush with the law. ;en
find beavis and butthead. ;en
i'm looking for a soundtrack titled bowie at the beep. ;en
i want the photograph of walt before mickey. ;en
find a man needs a maid. ;en
find a video game called a stroll in the pork. ;en
find a movie called dorothy and the witches of oz. ;en
look for the trailer to hickory daily record. ;en
where can i buy a copy of the picture called turn against this land. ;en
can you find the television show manifesto of nevermore. ;en
what is the cheapest price i can pay for the DVD called the darkest cloud. ;en
where can i find the painting of without condition. ;en
search for the un provincial in new york TV show. ;en
show the bean and the boys painting. ;en
find the painting is CAC investigators twenty fourteen. ;en
what is the TV show comfort. ;en
where can i watch the trailer of the national treasures the complete singles. ;en
what is the song the beast from twenty. ;en
find the book time and again. ;en
what is the television show phil ochs there but for fortune playing. ;en
how do i get the game still on it. ;en
find a painting called. ;en
where to get the movie fear of a black hat. ;en
find the game blog bridge. ;en
find to each his own cinema an album. ;en
show me fire. ;en
can you get the TV show enter the matrix. ;en
show creativity of mind chaos. ;en
play if you go. ;en
go to your heart belongs to me. ;en
play disney sing it high school musical three senior year. ;en
read the novel friend the great legacy. ;en
can you find fire escape in the sky by god like genius of scott walker. ;en
find the news at seven thirty photograph. ;en
show me a novel by marie. ;en
play blind company. ;en
show me the book playlist the very best of dolly parton. ;en
show movie schedule of the big mouth. ;en
please find me glass cloud single. ;en
find the video game they'll. ;en
show TV show schedule of offroad legends. ;en
where to buy book charlie countryman deve demorar. ;en
find a photograph called free the universe. ;en
can you find a picture of the rambler. ;en
i'm looking for the movie called the beast that shouted love at the heart of the world. ;en
play a trailer for sencha touch. ;en
find tortured man. ;en
look for the creative work meltdown days of destruction. ;en
play me the trailer for gainesville daily register. ;en
show me the landing at low tide painting. ;en
search for the trailer this evening mag buy. ;en
find the real dirt on farmer john a saga. ;en
show creativity of the picture the little death. ;en
find a book called outpost firewall pro. ;en
find the endangered species song. ;en
where can i find the movie the national law review. ;en
find fragile frontiers the secret history of mumbai terror attacks. ;en
search for high chicago. ;en
please search the abby saga. ;en
find a photograph called greatest hits volume one. ;en
i'm looking for right on track. ;en
show me it might as well rain until september. ;en
play the seamus heaney collected poems song. ;en
can you find the show the dumping ground survival files. ;en
where can i find the painting for a christmas story una storia di natale. ;en
show me the book f-1 grand prix part two. ;en
find a video game called turning me on. ;en
find the game saturday review. ;en
find the video game the sims three generations. ;en
show creativity of sacred fire live in south america. ;en
show me that i cannot. ;en
find a soundtrack called the woman warrior. ;en
find me haunted castle. ;en
where is picture everybody wants you. ;en
find soundtrack titled the house of the yellow carpet. ;en
find the TV series the parent trap IV hawaiian honeymoon. ;en
show me the movie operator for the theatre organ. ;en
show the ancient art of war picture. ;en
can you get me the television show called start it up. ;en
find me the novel titled fertile ground. ;en
find a trailer called sheriff of tombstone. ;en
where can i view the picture reaching horizons. ;en
show creativity of sing to the dawn. ;en
i'd like to see the trailer tony parker. ;en
find the saint in new york a show. ;en
find a trailer called no reservations. ;en
fine laser light. ;en
find the album just for laughs. ;en
show creativity of the oxford companion to beer TV show. ;en
look for a terrible vengeance. ;en
show painting of waiting for snow in havana. ;en
find the pop has freed us saga. ;en
look for the creative work the testament of gideon mack. ;en
show me born in america. ;en
find a soundtrack called the dragon. ;en
has the TV series puppet master axis of evil been cancelled. ;en
can you please get me come away with me show. ;en
show me the photograph with the title the denial. ;en
find journeyman. ;en
find a show called in fondo al buio. ;en
find a book called the magic christmas tree. ;en
can you get me the all night long three the final chapter novel. ;en
i need chapter one of the show get it for me please. ;en
find the song who are uganda monday. ;en
find a video game called family dog. ;en
show the sad songs for dirty lovers album. ;en
find the TV series truly fine citizen. ;en
find the american journal of economics and sociology. ;en
show me the TV show limit of love movies are you. ;en
find my tribute show. ;en
i'd like to see the picture the collection the collector two. ;en
i need to find the saga trail of the yukon. ;en
find half cut tea. ;en
find the innocent when you dream saga. ;en
show me the heart specialist. ;en
when was the album start a fire released. ;en
please find the packed to the rafters work. ;en
i'd like to watch the trailer for as tears go by. ;en
find a video game called new york nine one one. ;en
find the passion of michel phú có novel. ;en
can you help me locate the game coast. ;en
play the food uncut soundtrack. ;en
show the singles collection volume four. ;en
i'm looking for the work titled conversion conspiracy. ;en
read the open ecology journal. ;en
where can i buy the movie the house fire. ;en
look for the album called the tale of mr jeremy fisher. ;en
search for movie turn back the clock. ;en
i'd like to see the show migration. ;en
find the show your hand show. ;en
can you please find the jack johnson en concert picture. ;en
read the background to danger book. ;en
show me the photograph johnny cash the complete columbia album collection. ;en
find a video game called victory march. ;en
find me the princess battles song. ;en
wish to find the work the immortals that is a show. ;en
how can i watch the television show tinker bell and the legend of the never beast. ;en
find a TV series called all time greatest movie songs. ;en
search for police women of cincinnati. ;en
show me the TV series called take me to your heaven. ;en
can you find me the assassination of jesse james by the coward robert ford saga. ;en
find the movie chaos is me. ;en
where can i see the trailer for experienced to embrace two hundred twenty thirteen but can't. ;en
can you find me the movie the girl and the general. ;en
find a saga called love takes discography. ;en
find reverence for me. ;en
find the picture louder than bombs. ;en
show me the photograph rock you baby. ;en
i want to find the adventures of lolmax. ;en
i want to read the book the lion sleeps tonight. ;en
show me the television show the angry mob. ;en
find a TV show called the god boy. ;en
find a movie called october road. ;en
i'm looking for the show called the origin of the milky way. ;en
i'm looking for the hit album the politics of dancing. ;en
find a novel called chemistry an european journal. ;en
show creativity of south town. ;en
i want to see the TV series a state of mind. ;en
play closer to the sun album. ;en
i'm looking for the television show titled the lawn open review. ;en
find w leicester. ;en
look up three fantastic dances. ;en
find a game called dynamite warrior. ;en
how to get saga strong the style. ;en
show me the novel all i need to know. ;en
is the television show kamen rider OOO wonderful shogun and the twenty one core medals streaming anywhere. ;en
please help me find i want to take you higher the game. ;en
find a video game called batman the return of bruce wayne. ;en
find cut the rope. ;en
where can i purchase the TV show time for heroes. ;en
where can i find the school. ;en
find mash confusion. ;en
buy cannabis painting. ;en
find the sing when you're winning TV show. ;en
find painting big ideas. ;en
i wanna watch the TV show down on abby. ;en
play me an album by lunchbox. ;en
please find me the work instrumental directions. ;en
look for the creative work called white sugar. ;en
show eric when do drills ch. ;en
find the show go with the flow. ;en
pull up sweeney todd il doria balik ko barbiere di fleet street. ;en
find casting crowns discography. ;en
play the newest virginia song. ;en
can you find a creative work called the st louis switch. ;en
look for the public toilet painting. ;en
find your twentieth anniversary the best. ;en
what system is blood hounds of broadway the game for. ;en
find the novel a civil war army vs navy. ;en
find the they came from somewhere else saga. ;en
please search for the TV series titled i need romance. ;en
find a show called last night on earth. ;en
show the minutes to midnight photograph. ;en
search for space on my hands. ;en
find me a game called thesis eleven. ;en
find a new machine. ;en
look up the hard to handle TV show. ;en
i want to see the trailer for australian economic history review. ;en
find stained glass windows. ;en
find a show called the inheritors. ;en
show movie cross genesis. ;en
find try me out for me. ;en
lets see the TV series seven even year itch. ;en
where can i find the TV show a step away. ;en
go to the photograph the inflated tear. ;en
please get me exploring the reef TV show. ;en
find the real story with gretchen carlson. ;en
where can i find the TV show of the school teacher in the house. ;en
can you search miracle in the rain. ;en
find a novel called east liberty. ;en
can you find the soundtrack for west country live. ;en
i want to see the television show called cuts both ways. ;en
show me baton rouge. ;en
play off the ground. ;en
play the video game the genesis machine. ;en
find a photograph of time loves a hero. ;en
show the drive of life album. ;en
can you find the info wars saga. ;en
show me the video game the last hour. ;en
can you find me the back when i knew it all album. ;en
i need to see cristo in india. ;en
show me the picture unfinished monkey business. ;en
i want to watch strange brother. ;en
find unfinished portrait of general bonaparte. ;en
i'm looking for the sign painting. ;en
find a picture called nuclear blast all stars out of the dark. ;en
i'm looking for a novel called the adventures of lolo to you. ;en
where can i find the photograph of a christmas memory. ;en
search for the show champagne showers. ;en
i want to watch escape the fate discography. ;en
i wanna watch the television show symphony for solo piano. ;en
find the movie take another picture. ;en
find the stone free game. ;en
find flesh and bullets. ;en
search for the album frog and the bird song. ;en
i'm looking for dead at twenty one the TV series. ;en
search for comedy underground with dave adele. ;en
show me the TV show have a nice day. ;en
find the family jams saga. ;en
please look up the song twist of shadows. ;en
play print the legend soundtrack. ;en
find returned to your mind. ;en
find the TV series one build the tower. ;en
search for the hills have eyes the beginning TV show. ;en
look for the movie darkness come alive. ;en
please fine me the east trailer. ;en
find a television show called start something star. ;en
please find me the picture of the getaway black monday. ;en
find book the music lovers. ;en
find doggy day school an album. ;en
find the photograph underneath the tree. ;en
find movie titled triumph of the spirit. ;en
find me a movie with the name ocean. ;en
find wish you were here a movie. ;en
play the great adventures of slick rick game. ;en
where to get painting of the man in the white suit. ;en
show the blue meaning television show. ;en
find a soundtrack called the christmas shoes. ;en
find racing the beam the atari video computer system. ;en
find the movie ghost me battles the hip-hop robots. ;en
show creativity of the greatest movie ever sold. ;en
find the photograph among the living. ;en
find the way west show. ;en
i want to play the video game called china seas. ;en
please help me find the video game john michael montgomery discography. ;en
went to see the dungeons and dragons chronicles of ms sarah. ;en
find an album called the aboriginal port folio. ;en
find a video game called IBM program temporary fix. ;en
find a novel called on the case with paula zahn. ;en
find a song called be quick or be dead. ;en
i want the show the sense apparatus. ;en
show the innocent when you dream saga. ;en
find me the fruit of life television show. ;en
show me NCAA college football two k three. ;en
please pull up the album the last war. ;en
where can i see the trailer of take me to the king. ;en
find time travel. ;en
find me i am mariah the elusive santos. ;en
i'd like to see a TV series called countdown the savoy sessions. ;en
find the album future of the past. ;en
where to buy book bright ambush. ;en
show the bridge of san luis rey picture. ;en
show creative picture of brenda's got a baby. ;en
where is journal of geriatric psychiatry and neurology. ;en
s h w the picture twin husbands. ;en
find trauma center new blood an album. ;en
pull up the movie toy and help yourself. ;en
find a painting called mister whiskers my favourite nursery rhymes. ;en
show the day the earth caught fire movie. ;en
where can i purchase papers in regional science the album. ;en
i'm looking for the pokémon the movie two thousand TV show. ;en
i want watch the sun and the moon. ;en
find time squared. ;en
look for the district nine novel. ;en
search for TV show live at apollo. ;en
i'm looking for the birth of a nation. ;en
find i love you too a saga. ;en
i wanna play the game pass terminator the western exterminator. ;en
find the TV series the farewell tour. ;en
find the coffin. ;en
i need journal of pediatric oncology nursing help me find. ;en
where can i find a copy of i bury the living. ;en
can you find the painting shake oh desert monterrey. ;en
find the television show riding with the king. ;en
find me shack out on one hundred one. ;en
look up the this is halloween trailer. ;en
find a photograph called the lighthouse by the sea. ;en
where can i find the picture another happy ending. ;en
can you find me the trailer of the hippocratic oath. ;en
get me information on the riverfront times. ;en
play song softly. ;en
i need to find best of the west rides again. ;en
find the video game high hopes and heartbreak. ;en
please find me asking alexandria discography. ;en
i'd like hear the song sit down and talk to me. ;en
show me the only the strong survive photograph. ;en
can you look up the clinic's TV series. ;en
please fine me ties that bind. ;en
find sailing the seas of cheese. ;en
show creativity in cross currents. ;en
find an album called just call me stupid. ;en
find the mcgill law journal movie. ;en
please find me the hanging valley movie. ;en
look for the kiss the girls game. ;en
look for summer with monika. ;en
find the mary van note show. ;en
show acta mathematics applicati syndicate TV show. ;en
where to buy an article. ;en
find the steady as she goes saga. ;en
find a song called in your eyes. ;en
show me the television show called south california purples. ;en
help me find the saga titled the eternal return. ;en
show me the video game when in rome two thousand seven. ;en
where can i find the world according to paris. ;en
find head start. ;en
find the international journal of robotics research soundtrack. ;en
find in the line of duty street war. ;en
find a painting called dorothy. ;en
go to attack of the planet smashers. ;en
where can i find appalachian journey. ;en
look for the NYPD new york police department saga. ;en
find a TV show called the traffic policeman. ;en
show of from south africa to south carolina. ;en
find a TV series called when harry tries to marry. ;en
i want to see plague soundscapes. ;en
look for all that matters. ;en
find i could fall in love. ;en
some me a healthy picture. ;en
i'd like to see the book city university of hong kong law review. ;en
find me the novel the argumentative indian. ;en
find a video game called the last american virgin. ;en
find the novel WWE legends of wrestlemania. ;en
find the garden of eden. ;en
show the family from one end street album. ;en
find the living room tapes a TV series. ;en
find me the travel weekly. ;en
find task for outlook a game. ;en
show TV show named i fell in love with a dead boy. ;en
when was the soundtrack for those were the days the best of learning ground cowboys published. ;en
find blood moon your of the wolf a movie. ;en
i'd like to see the album heroes of might and magic IV. ;en
find a TV show called perfect chemistry. ;en
find the game titled i party with victorious. ;en
find the ghost of tom jode. ;en
find a painting called politicians. ;en
can i see the the painting another life another and. ;en
search for the picture of cat. ;en
find an album called thursday night baseball. ;en
find me an echo in the darkness. ;en
show he who fears the wolf creative photograph. ;en
can i see the TV show the closer i get. ;en
search for a photograph of road hogs. ;en
listen to dragon ball music collection. ;en
search for pat and margaret. ;en
show creative song UFO sent you diet pollen. ;en
show the critic game. ;en
show olympia eighty one saga. ;en
i need a novel about polymer chemistry. ;en
show me the TV show my only wish. ;en
i'm looking for the saga play canvas. ;en
find an album called from the terrace. ;en
show creative devils to some. ;en
find clash of the codes. ;en
find a painting called the legend of tarzan dorset. ;en
find me the video game for your love. ;en
looking for liberalism and the limits of justice. ;en
find the now we are six saga. ;en
find jono and ben. ;en
find the TV series box of moon light. ;en
find the new legend of shaolin video game. ;en
can you help me find tears from a willow. ;en
search for the painting smart money. ;en
find a novel called nature reviews genetics. ;en
find a movie called living in america. ;en
look for the url. ;en
find a show called lipstick vogue. ;en
read the book journal of the bombay natural history society. ;en
what is the cheapest price for the saga called two thousand six wikipedia CD selection. ;en
find carry me in your dreams. ;en
what is just like in the old country. ;en
show me the trailer a self made hero. ;en
find the book metallica through the never. ;en
find a movie called single collection. ;en
please look up the immortals television show. ;en
what is the paranormal activity the ghost dimension album. ;en
show me the picture the afternoon. ;en
find the show portrait of countess curly. ;en
play me the show house of stairs. ;en
find me under the skin. ;en
help me find the book called journal of neuroscience research. ;en
show the show the son of tarzan. ;en
show game alien breed II the horror continues. ;en
look up the rock the blind photograph. ;en
i want to hear the soundtrack to the platinum rule. ;en
find episodi di south park a trailer. ;en
please find me the magic hour saga. ;en
please get me the before crisis final fantasy seven television show. ;en
please search the big game show. ;en
