how can i get from garching forschungszentrum green eyes arya still race rc. 	FindConnection
i want to travel from garching to odeonsplatz. 	FindConnection
show me the next bus. 	DepartureTime
can you find a bus from quiddestraße to lehel. 	FindConnection
when is the next ufc. 	DepartureTime
how can i get from garching to garching. 	FindConnection
what's the shortest connection between quiddestraße and odeonsplatz. 	FindConnection
is there a bus from garching to lose that shit down sign. 	FindConnection
i need a connection from her and her two tries flats. 	FindConnection
i need to be entertained. 	FindConnection
when does the next train leave from garching forschungszentrum. 	DepartureTime
how can i get from garching to meal prep. 	FindConnection
can i take a bus from quiddestraße to hauptbahnhof. 	FindConnection
could you give me the fastest connection between february and i'll get it. 	FindConnection
when does the next bus leaves from hauptbahnhof. 	DepartureTime
how to get from bonner platz to. 	FindConnection
how can i get from neuperlach sued from a car usb and fast as possible. 	FindConnection
can you find a connection from olympus and from school at two PM. 	FindConnection
. 	FindConnection
how to get from garching to prove it. 	FindConnection
show me the next bus from matthew. 	DepartureTime
how can i get from garching to lunch here i fancy possible. 	FindConnection
when does the next subway departs from odeonsplatz. 	DepartureTime
when. 	DepartureTime
when is the next train from garching. 	DepartureTime
how can i get to melbourne from directory. 	FindConnection
when does the next train leaves. 	DepartureTime
how to get promo to twenty one. 	FindConnection
how can i get to goldsmith from quince tree. 	FindConnection
when is the train leaving in garching. 	DepartureTime
delete the ad turn on that one pm can you search a connection from garching forschungszentrum. 	FindConnection
how can i get from garching forschungszentrum to odeonsplatz. 	FindConnection
when does the next bus leaves at garching forschungszentrum. 	DepartureTime
how do i get from olympia conference room fan on. 	FindConnection
is there a train from neuperlach syndrome to say hi three pm. 	FindConnection
how can i get more size to thirty four percent. 	FindConnection
when is the next subway leaving from garching. 	DepartureTime
what is the next connection from garching forschungszentrum to odeonsplatz. 	FindConnection
when does the next bus leaves at roman. 	DepartureTime
when does the next bus leave in garching. 	DepartureTime
when does the next bus leaves at garching. 	DepartureTime
how can i get from garching to send later. 	FindConnection
when is the next train in lawrence ryan hall. 	DepartureTime
is there a tram from charleston sc to level. 	FindConnection
when is the next bus leaving from garching. 	DepartureTime
when the next train in garching forschungszentrum is leaving. 	DepartureTime
when is the next subway leaving at garching forschungszentrum. 	DepartureTime
what's the cheapest way from neuperlach too low. 	FindConnection
connection from hauptbahnhof to odeonsplatz. 	FindConnection
how do i get to untere of thrones. 	FindConnection
when is the next train in muncher freiheit. 	DepartureTime
when is the next train in north bryan. 	DepartureTime
when the next train in garching forschungszentrum is leaving. 	DepartureTime
when is the next u six leaving from garching. 	DepartureTime
can you give me a connection from garching to odeonsplatz. 	FindConnection
when is the next train from testrail 21 turn the front door. 	FindConnection
when does the next train departs from quiddestraße. 	DepartureTime
how can i get from garching to garching. 	FindConnection
how can i get from queen st of next week. 	FindConnection
how can i get from garching to hauptbahnhof. 	FindConnection
when does the next tram starts from hauptbahnhof. 	DepartureTime
can you find the shortest way from louisville to email british food. 	FindConnection
connection from telstra twenty one the production. 	FindConnection
what is the cheapest connection between quiddestraße and hauptbahnhof. 	FindConnection
how can i get the new products in front door chain for a present for. 	FindConnection
how can i get from olympia to her and all. 	FindConnection
how can i get from garching forschungszentrum to odeonsplatz. 	FindConnection
how can i get from garching forschungszentrum. 	FindConnection
when is the train leaving in garching. 	DepartureTime
is there a bus from odeonsplatz to hauptbahnhof at three pm. 	FindConnection
when is the next train from north ryan home to garching forschungszentrum. 	FindConnection
when is tom's next train. 	DepartureTime
when does the next train leaves from hauptbahnhof. 	DepartureTime
from the to problem. 	FindConnection
how can i get from garching to odeonsplatz. 	FindConnection
when does the next train starts at st louis territory. 	DepartureTime
when is the next train from materials do you currently doing for the front door. 	FindConnection
when does the next rocket leaves from garching forschungszentrum. 	DepartureTime
hey bot when does the next bus starts at garching. 	DepartureTime
from the mta store within ten state. 	FindConnection
when does the next train leaves from odeonsplatz. 	DepartureTime
when is the next train from garching. 	DepartureTime
how do i get from marienplatz zu garching. 	FindConnection
when does the first probably won't start. 	DepartureTime
when the next train in garching is leaving. 	DepartureTime
when does the next train come at garching forschungszentrum. 	DepartureTime
when can i get those at my reunion. 	DepartureTime
how can i get from current interest to reserve a seat. 	FindConnection
when is the next train to the city. 	FindConnection
can you tell me the cheapest way from garching forschungszentrum to quiddestraße. 	FindConnection
what's the shortest way between hauptbahnhof and odeonsplatz. 	FindConnection
when will the next boat depart from garching forschungszentrum. 	DepartureTime
when is the next train. 	DepartureTime
when is the next bus in the fourth president. 	DepartureTime
next bus. 	DepartureTime
how can i get from garching to marienplatz. 	FindConnection
 	DepartureTime
how can i send later. 	FindConnection
when is the next train leaving in garching. 	DepartureTime
how to get promo telstra CEO 21 surprise me. 	FindConnection
