how can i get from garching forschungszentrum to kurt. 	FindConnection
i want to travel from garching to odeonsplatz. 	FindConnection
show me the next bus from garching. 	DepartureTime
can you find a bus from quiddestraße to lehel. 	FindConnection
when is the next u six. 	DepartureTime
how can i get from garching to garching. 	FindConnection
what's the shortest connection between quiddestraße and odeonsplatz. 	FindConnection
is there a bus from garching to get around five. 	FindConnection
i need a connection from paris to previous plans at eight am here. 	FindConnection
i need to be in garching at nine. 	FindConnection
when does the next train leave from garching forschungszentrum. 	DepartureTime
how can i get from garching to melbourne open. 	FindConnection
can i take a bus from quiddestraße to hauptbahnhof. 	FindConnection
could you give me the fastest connection between us in all tidur. 	FindConnection
when does the next bus leaves from hauptbahnhof. 	DepartureTime
how to get from bonner platz to fry. 	FindConnection
how can i get from neuperlach centrum to carl's platz is fast as possible. 	FindConnection
can you find a connection from olympia center until two PM. 	FindConnection
how can i get a quick answer. 	FindConnection
how to get from garching to neuperlach. 	FindConnection
show me the next bus from bad. 	DepartureTime
how can i get from garching to munch near freiheit as fast as possible. 	FindConnection
when does the next subway departs from odeonsplatz. 	DepartureTime
when is the bus from quiddestraße. 	DepartureTime
when is the next train from garching. 	DepartureTime
how can i get a male bird show fan from garching. 	FindConnection
when does the next train leaves. 	DepartureTime
how to get from untere straw so twenty one. 	FindConnection
how can i get to goldsmith from quit us are. 	FindConnection
when is the train leaving in garching. 	DepartureTime
need to be at hauptbahnhof at one pm can you search a connection from garching forschungszentrum. 	FindConnection
how can i get from garching forschungszentrum to odeonsplatz. 	FindConnection
when does the next bus leaves at garching forschungszentrum. 	DepartureTime
how do i get from olympia and cuffs and rounded health and hos. 	FindConnection
is there a train from neuperlach centrum garching at three pm. 	FindConnection
how can i get from garching forschungszentrum. 	FindConnection
when is the next subway leaving from garching. 	DepartureTime
what is the next connection from garching forschungszentrum to odeonsplatz. 	FindConnection
when does the next bus leaves at rome and florence. 	DepartureTime
when does the next bus leave in garching. 	DepartureTime
when does the next bus leaves at garching. 	DepartureTime
how can i get from garching to send a note or. 	FindConnection
when is the next train in st. 	DepartureTime
is there a tram from carl's plot still hell. 	FindConnection
when is the next bus leaving from garching. 	DepartureTime
when the next train in garching forschungszentrum is leaving. 	DepartureTime
when is adrian the next subway leaving at garching forschungszentrum. 	DepartureTime
what's the cheapest way from neuperlach until the hell. 	FindConnection
connection from hauptbahnhof to odeonsplatz. 	FindConnection
how do i get to untere strauss occur. 	FindConnection
when is the next train in muncher freiheit. 	DepartureTime
when is the next train to north ryde. 	DepartureTime
when the next train in garching forschungszentrum is leaving. 	DepartureTime
when is the next u six leaving from garching. 	DepartureTime
can you give me a connection from garching to odeonsplatz. 	FindConnection
when is the next train from untere twenty one garching to keep her and garden. 	FindConnection
when does the next train depart from. 	DepartureTime
how can i get from garching to garching. 	FindConnection
how can i get from goldsmith. 	FindConnection
how can i get from garching to hauptbahnhof. 	FindConnection
when does the next tram starts from hauptbahnhof. 	DepartureTime
can you find the shortest way from lewisville to mel brooks show finn. 	FindConnection
connection from untere twenty one and a keeper and garden. 	FindConnection
what is the cheapest connection between quiddestraße and hauptbahnhof. 	FindConnection
how can i get to neuperlach sued from garching forschungszentrum. 	FindConnection
how can i get from olympia at centrum to help find horse. 	FindConnection
how can i get from garching forschungszentrum to odeonsplatz. 	FindConnection
how can i get from garching forschungszentrum. 	FindConnection
when is the train leaving in garching. 	DepartureTime
is there a bus from odeonsplatz to hauptbahnhof at three pm. 	FindConnection
when is the next train from north korea to garching forschungszentrum. 	FindConnection
when comes the next train. 	DepartureTime
when does the next bus leaves from hauptbahnhof. 	DepartureTime
from garching to neuperlach. 	FindConnection
how can i get from garching to odeonsplatz. 	FindConnection
when does the next train starts at sending a tour. 	DepartureTime
when is the next train from untere twenty one and garden. 	FindConnection
when does the next rocket leaves from garching forschungszentrum. 	DepartureTime
hey bot when does the next bus starts at garching. 	DepartureTime
from garching to students instead. 	FindConnection
when does the next train leaves from odeonsplatz. 	DepartureTime
when is the next train from garching. 	DepartureTime
how do i get from marienplatz zu garching. 	FindConnection
when does the bus to start. 	DepartureTime
when the next training. 	DepartureTime
when does the next train come at garching forschungszentrum. 	DepartureTime
when can i get a bus at marion hill flights. 	DepartureTime
how can i get from curt tulsa to garching. 	FindConnection
when is the next train to garching. 	FindConnection
can you tell me the cheapest way from garching forschungszentrum to quiddestraße. 	FindConnection
what's the shortest way between hauptbahnhof and odeonsplatz. 	FindConnection
when will the next boat depart from garching forschungszentrum. 	DepartureTime
when is the next train. 	DepartureTime
when is the next bus in garching forschungszentrum. 	DepartureTime
next bus from quince dias a. 	DepartureTime
how can i get from garching to marienplatz. 	FindConnection
when does the next train leaves from quiddestraße. 	DepartureTime
how can i get to send the link. 	FindConnection
when is the next train leaving in garching. 	DepartureTime
how to get from untere strauss twenty one. 	FindConnection
